Match_ID,GameMode
8774298872,16
8774238406,16
8769302112,22
8769254228,22
8769176480,22
8767848614,16
8767773235,16
8767711935,16
8767657984,16
8767584067,23
8762287575,16
8762225933,16
8758965666,15
8758484280,23
8758018323,23
8757983532,23
8757893274,23
8757528761,15
8757449811,15
8757259796,23
8756501545,16
8756387355,2
8756123993,23
8755824610,23
8755667427,23
8755064204,15
8755021393,2
8748105552,15
8748025835,15
8747957075,15
8747601558,15
8747563775,15
8747375316,22
8746656356,15
8743862180,15
8740087362,2
8740042121,2
8738529083,15
8737194069,15
8737114059,2
8737044109,2
8735830783,22
8735774646,2
8735682664,15
8729194078,15
8729157819,15
8729120779,15
8729075812,15
8728864141,15
8728857996,15
8728191714,15
8728174407,15
8727811925,15
8727771856,15
8727722116,16
8727644462,2
8706305507,15
8697821602,15
8697806429,15
8696538722,15
8636957639,15
8635571049,15
8635546039,15
8635288969,15
8635164336,15
8633931461,15
8628369152,15
8626313221,23
8613930764,15
8519040893,22
8518616804,22
8518544377,22
8517462202,22
8517373159,22
8517260330,22
8516458855,15
8514085655,22
8512791225,15
8512106593,22
8511983728,15
8511124815,22
8510919033,22
8510644073,22
8509832116,15
8509727180,22
8509676571,15
8509148938,15
8508312285,22
8507417719,22
8506877213,15
8506805208,22
8506624182,15
8506378948,22
8504792390,22
8504704504,15
8504601353,15
8504564579,15
8504379711,22
8504338827,15
8504262602,15
8504076144,22
8504004430,15
8503953388,22
8503232063,22
8503082670,15
8501963901,15
8501901407,22
8501768288,15
8501532084,22
8501237736,15
8501214802,15
8501092018,15
8500361482,22
8500291075,22
8500154070,22
8500096074,15
8498682291,15
8498590596,15
8497283437,15
8496979680,15
8496563937,15
8496411427,15
8496203927,22
8495418752,15
8495051056,22
8494942304,22
8494825561,22
8494618243,15
8494457160,22
8493712108,22
8493659675,15
8493429769,22
8493157939,22
8492871595,22
8492810915,22
8492696799,22
8492028463,15
8491906646,15
8491789674,15
8491259094,22
8491156925,22
8473356020,22
8473266416,22
8473115698,22
8473012256,15
8472145554,15
8472080878,22
8472028213,22
8471984921,22
8471928304,22
8471347492,22
8470026547,15
8469256205,22
8469164748,22
8469065469,23
8468991607,23
8468941208,23
8468373839,15
8467836675,23
8467359903,23
8467341272,15
8467303202,23
8467255363,23
8467236293,23
8463542789,15
8463198395,15
8462645149,23
8462628308,15
8449143516,15
8447614156,15
8447564091,15
8447535055,15
8435613720,15
8435559617,15
8411491632,15
8410223204,22
8410132202,15
8410127444,15
8410033755,22
8409348346,15
8409281354,22
8408508203,22
8408442360,15
8408389297,22
8408337711,22
8407063203,22
8407002208,22
8406923070,22
8406879937,15
8405629409,15
8404221613,15
8404157494,22
8404095546,15
8404028036,22
8401565548,22
8401496316,22
8400957323,15
8400883825,22
8400836702,22
8400795857,22
8400731217,22
8400679452,15
8399432873,15
8399371953,22
8399367479,22
8399322130,22
8397395563,15
8397373364,15
8397343770,15
8397274357,22
8394665423,15
8394537045,15
8393453547,15
8392697797,15
8392594320,15
8391994741,22
8391713415,22
8391634906,22
8391265160,22
8391208664,15
8390620080,15
8390518432,15
8390424814,22
8390341999,22
8388483602,15
8387608596,15
8385215295,15
8385184374,15
8384997432,15
8383871334,15
8383842195,15
8382619056,15
8382539172,15
8382502331,15
8382309286,15
8382283891,15
8382244917,15
8382214917,15
8382121092,23
8363730024,23
8186000523,23
8154026044,22
8153975055,22
8153679795,22
8153609694,22
8147023126,22
8126488062,22
8126428136,23
8118357185,22
8118274757,22
8118203889,22
8118015981,22
8117945357,22
8117910908,15
7930427723,15
7930371569,15
7929837715,15
7929816541,15
7929764167,15
7906380269,15
7902914471,15
7895397367,15
7895357513,15
7895327888,15
7894070336,15
7893844878,15
7893799437,15
7893733439,15
7893689956,15
7893658491,15
7890636207,15
7890375204,15
7890279069,15
7889993120,15
7889965861,15
7889749371,15
7889674607,15
7889209528,15
7889172776,15
7888724474,15
7888717912,15
7883031517,15
7882999728,15
7882939996,15
7881416807,15
7876359767,22
7876270557,22
7876221817,15
7876173976,15
7874867390,22
7874825845,22
7874755519,22
7874700270,15
7874567911,15
7869790801,22
7869730714,22
7868229356,23
7868091824,22
7866441834,22
7866372854,22
7866297070,22
7864675370,22
7864573261,22
7864485799,22
7863175011,22
7862906588,22
7860007810,22
7859953662,22
7859907412,22
7859840287,22
7859637892,22
7858388233,22
7858336830,22
7858274551,22
7858180268,22
7858097434,22
7858026940,22
7857976447,22
7857637145,22
7857548514,22
7857447684,22
7857301169,22
7855991170,22
7855895598,22
7855491935,22
7855424581,22
7855221757,22
7855143392,22
7854520552,22
7852903444,22
7852871131,22
7852768940,22
7803312343,22
7803247197,22
7775986293,15
7772104906,15
7772101614,15
7768931203,23
7754551214,15
7736493688,22
7736447564,22
7734470377,22
7734460699,15
7731263410,22
7731203539,22
7721356970,22
7721220839,22
7675583080,22
7675531761,22
7675313792,22
7674917039,22
7674792100,22
7674696623,22
7662946128,22
7662869348,22
7655201927,22
7655150148,22
7655096427,22
7655050280,22
7653665504,22
7653594891,22
7653371562,22
7648363598,22
7648297153,22
7642592337,2
7642492857,2
7637250748,22
7637193518,22
7632789717,15
7632737346,22
7632073759,15
7632026498,15
7630894256,22
7630784248,22
7630712366,22
7630259323,22
7629288090,22
7629202114,22
7628565111,22
7628257029,22
7628212477,22
7627520080,2
7627450668,2
7627382559,2
7625309543,22
7622506103,22
7621122139,22
7619680041,22
7619615256,22
7617756472,22
7617285024,15
7617170172,22
7616727329,22
7616680984,22
7616615674,22
7616555445,22
7615921244,22
7615820295,22
7615751768,22
7615677809,22
7615569421,15
7615220081,22
7614854152,22
7611221400,2
7611146864,2
7611009707,15
7610770758,22
7607969333,22
7607900545,22
7607777210,22
7607720195,22
7607343591,22
7607224504,22
7607112314,15
7605931720,2
7604991259,22
7604890380,22
7603825109,22
7603726879,22
7603655687,22
7603579494,22
7603499045,22
7603334922,22
7603198197,22
7602168175,22
7602124547,22
7602054235,22
7600328665,22
7600261598,22
7598473841,2
7598366164,2
7594797180,22
7594696224,22
7594572219,22
7593664202,15
7592774803,23
7592745114,23
7592716459,23
7592689131,23
7592656148,23
7592615737,23
7592453159,22
7592192077,22
7591789640,22
7583763273,22
7582077689,15
7582005219,22
7581942667,22
7581933546,15
7578353714,22
7575676686,15
7573796772,22
7573714514,22
7572818232,22
7572738325,15
7572609690,15
7572098073,15
7571318665,15
7569938645,22
7569898852,22
7569863885,22
7569811577,22
7569761214,22
7569693890,15
7569662036,15
7569164127,22
7568257700,15
7568186592,2
7568065868,2
7567941674,2
7567595678,22
7567315271,15
7567261018,15
7567137752,15
7567100826,15
7566509660,15
7566458291,22
7563563969,22
7563528495,22
7563490475,22
7563463106,15
7562994268,15
7562793684,15
7562769667,15
7562157200,22
7562094067,22
7562046427,22
7559374159,2
7559316969,2
7559238144,2
7559168751,2
7558578368,15
7557721292,15
7557618376,2
7557507459,2
7557431337,2
7557385935,23
7556942329,15
7556935593,15
7556900638,15
7556677368,15
7556056109,22
7556024339,22
7555979884,22
7555931747,22
7554503602,22
7554418127,22
7553122890,22
7553088481,22
7553052255,22
7551664235,2
7551589289,2
7550310717,15
7550266298,22
7549671307,23
7548855511,22
7548753630,22
7548675392,22
7548632417,22
7548573345,22
7548566020,15
7548488068,22
7546050405,15
7546011345,15
7545418329,2
7545360879,2
7545299389,2
7545271723,15
7543764670,22
7539498083,22
7539445476,2
7539390890,2
7539361651,15
7538065174,2
7538005803,2
7537937432,2
7537886563,22
7536417209,15
7536368049,22
7536315346,2
7536243938,2
7536194606,15
7526590172,15
7526534855,15
7526469037,15
7526371984,15
7525306141,22
7525244793,22
7525241370,15
7525179252,22
7525100909,22
7524888647,15
7524848137,15
7524459550,22
7524319180,22
7524303565,15
7523576421,22
7523473062,22
7523416231,22
7523251271,22
7523119075,22
7523057213,22
7523008014,15
7522754268,22
7522661585,22
7522607932,15
7522521898,15
7522395986,15
7522351225,15
7522344570,15
7521837405,22
7521775856,22
7521718389,22
7521673339,22
7521636440,15
7520265898,22
7520216846,22
7520143779,22
7519982991,22
7519773599,22
7516796115,22
7506100959,22
7502960212,15
7502904219,22
7502855926,2
7501948610,22
7501873536,22
7431345967,22
7422704899,22
7422405866,15
7421417449,22
7421349973,22
7416475764,23
7416422244,22
7413406257,22
7411603472,22
7411505440,22
7374326766,22
7360343586,22
7360296672,15
7353418210,15
7353382183,15
7353335170,15
7353307435,15
7353202317,15
7353044888,15
7352934042,15
7352205721,22
7349140186,15
7349133240,15
7348733629,23
7348690453,23
7348676004,15
7334984659,22
7334950494,15
7334892825,22
7334844008,22
7329323659,22
7329250837,22
7329190622,22
7324200540,22
7324139296,22
7314587740,22
7314514690,22
7313076820,22
7310055835,16
7308410078,22
7307629951,15
7307601043,15
7307574590,15
7307533254,15
7307506685,15
7306893493,15
7306802414,22
7306603785,22
7306438185,22
7305744801,15
7305706862,15
7305702011,15
7305655400,15
7305080592,15
7305029987,22
7304937995,2
7304809657,2
7303259624,22
7303200346,22
7303118754,22
7303103297,15
7303008496,15
7302997244,15
7302328745,15
7302306194,15
7302166366,15
7301675474,15
7301634205,22
7301560380,22
7301491612,15
7301400485,15
7301395885,15
7300895389,15
7300856553,15
7300536889,15
7300138937,15
7300064865,22
7300016129,22
7299952465,22
7299072913,15
7299047300,15
7298965903,15
7298379837,22
7298313378,22
7298262231,15
7298257822,15
7297455986,15
7296660479,22
7296583995,22
7296174994,15
7296135055,15
7295936283,15
7295114501,22
7295042967,22
7294979885,23
7294879122,23
7294824714,23
7294558700,22
7294355166,15
7294295465,15
7294180792,22
7294048380,22
7293982989,22
7293357185,22
7293315528,22
7293266323,22
7293217425,22
7293164891,22
7293108044,22
7292973755,23
7292863076,15
7292770726,15
7292456464,22
7292230071,22
7291364420,22
7291312866,22
7291238840,22
7291140216,22
7291091328,15
7291046197,15
7289415223,22
7289348477,2
7289269800,22
7289265245,22
7289155204,15
7289104093,15
7289026878,15
7288985426,15
7288868600,22
7288642937,22
7288602490,22
7288479746,22
7288121095,15
7288071541,22
7288006015,22
7287922054,22
7287775049,15
7287621580,22
7287489041,22
7287410746,22
7287351753,22
7287305251,22
7287267355,22
7287176261,22
7285259467,22
7285179641,22
7284905898,15
7284781907,22
7284645020,15
7283968909,15
7283939977,15
7283907441,15
7283901442,15
7283872017,15
7283817095,22
7283758370,22
7283719581,15
7283683234,2
7283635592,15
7283591994,15
7283577263,15
7282413247,15
7282385990,15
7282335366,22
7282282587,22
7282199925,22
7282156370,22
7282103389,22
7282007237,22
7281895268,15
7280514609,15
7280421809,22
7280372413,22
7280326885,15
7280230842,22
7280148745,22
7280068025,22
7279068286,15
7278943351,22
7278834615,22
7278754956,15
7278674132,22
7277603290,22
7277543455,23
7277509545,23
7277424213,15
7277378398,15
7277329665,15
7276251118,22
7276209722,15
7276185700,15
7276148966,15
7274920953,15
7274858374,22
7274822810,15
7274696611,22
7274573389,22
7273537287,22
7273452250,22
7273317491,15
7273249911,15
7273213355,15
7272949725,22
7272888698,22
7272836874,23
7272789886,15
7272214061,15
7272186364,15
7272122263,22
7272117392,22
7272041857,2
7272030413,15
7271851182,22
7271783858,22
7271702219,22
7271620949,15
7271469030,15
7271434776,15
7271404384,15
7270610263,22
7270558342,15
7270533638,15
7270529051,15
7270497450,15
7269217785,22
7269152335,22
7269105750,22
7269055062,15
7269016961,15
7268982208,15
7268928186,15
7267882511,22
7267829629,22
7267779454,22
7267586043,15
7267560000,15
7267519513,15
7266615017,2
7266492761,22
7266454413,15
7266430845,15
7266395511,15
7266368317,15
7266203548,22
7266127839,22
7265066260,22
7264913973,22
7264610386,23
7263837302,2
7263435054,15
7263380600,15
7263267772,15
7263237456,15
7263214034,15
7263066224,15
7262499796,15
7262456544,22
7262398850,2
7262396102,2
7262328315,2
7262214096,2
7262139561,2
7262048612,15
7262005988,15
7261468700,22
7260986428,22
7260165209,15
7260129702,15
7260086572,22
7260035107,15
7260015173,15
7260004587,15
7259953586,22
7259921207,22
7259502827,22
7259437532,22
7258904678,15
7258873689,15
7258807885,22
7258609629,22
7258253849,22
7258188123,22
7258109430,2
7257588541,22
7257516886,22
7256882581,2
7256821119,2
7255590108,2
7255528144,22
7253942197,22
7253849431,22
7253507189,22
7252510378,22
7252456614,22
7252401453,15
7252397293,15
7252320774,22
7252044391,22
7251945968,22
7251886027,22
7251849338,15
7251508384,15
7251492417,15
7251452513,22
7251251025,22
7251117908,15
7250749003,15
7250555532,15
7250530962,15
7250040895,22
7250002970,22
7249969256,15
7249839630,22
7249690526,15
7249604649,22
7249539183,15
7249496466,22
7249367665,22
7249241236,22
7249189611,22
7249164216,15
7249117113,15
7248827277,15
7248784521,22
7248745759,22
7248705450,15
7248569619,22
7248531779,15
7248296832,15
7248275573,15
7248267793,15
7248226563,15
7247488255,22
7247443572,22
7247288748,15
7246996356,15
7246967445,15
7246919952,15
7246802964,22
7246686188,15
7246669582,15
7246632851,22
7246628950,22
7246053328,22
7244901316,22
7244838649,22
7244793597,15
7241874467,22
7241819393,22
7240642044,22
7240607666,22
7240572033,22
7240506040,22
7239234300,22
7238639721,15
7238633584,15
7237964708,22
7237925766,22
7236622252,22
7236571610,22
7236531669,22
7236487257,22
7235753528,22
7235309824,22
7235254622,22
7235203129,22
7235102316,22
7234767235,22
7234699118,22
7234645269,22
7234540646,15
7234424923,22
7233855652,2
7233807038,2
7233765171,2
7233696423,22
7233544765,22
7232312864,2
7232274325,2
7232223718,2
7232221708,1
7230802157,22
7230749948,22
7229601206,22
7228391019,22
7228347772,22
7228303651,22
7227071716,22
7225727683,22
7225666344,22
7225047218,22
7224933598,22
7224193466,22
7224117753,22
7223859057,22
7223730151,22
7223525930,22
7223435607,22
7223342376,22
7222717397,22
7221420470,22
7221368021,22
7221329428,22
7220104404,22
7220073201,22
7220020062,22
7218591479,22
7218512810,22
7217308473,22
7217110709,22
7215980194,22
7215930658,22
7215869407,22
7215409090,22
7215192394,22
7214497809,22
7214447944,22
7214296945,22
7214004053,22
7213786668,22
7213631972,22
7213028558,22
7212909148,15
7211643876,22
7211591415,22
7211470953,22
7211387089,22
7210111561,22
7209435490,15
7209400252,22
7208853036,22
7208809759,22
7207502097,22
7207371797,22
7206167487,22
7206113229,22
7206061341,22
7205989036,22
7205729991,22
7205472977,22
7205412892,22
7204717935,22
7204678723,22
7204615823,22
7201778854,22
7201769733,22
7200439005,22
7200393881,22
7200348395,22
7199897236,15
7199762193,15
7199737965,15
7199719754,15
7199693650,15
7199126198,22
7199079421,22
7198614865,15
7198609664,15
7197769865,22
7197713218,22
7197640913,15
7196458317,22
7196414266,22
7194855616,15
7194786825,15
7194708936,15
7194686452,15
7194658946,15
7194431995,15
7194295456,22
7194059972,15
7194003295,22
7193954351,22
7193945403,15
7193919458,15
7193844187,22
7193809803,15
7193783368,15
7193766040,15
7193377033,15
7193354667,15
7193331156,15
7193269829,22
7193208264,22
7191902465,22
7191866389,22
7191800941,22
7190533274,22
7190530480,22
7190502366,22
7190480888,15
7190272440,22
7190234033,15
7190194243,15
7189218382,22
7189169045,22
7189108811,22
7189035295,22
7188987412,15
7187778144,22
7187746642,15
7187718928,15
7187688657,15
7187546695,15
7186399147,15
7186366776,15
7186326343,15
7186288654,15
7186249713,15
7186198462,22
7186138031,22
7186057293,22
7185865452,22
7185815786,23
7185765138,15
7185713960,15
7185665742,15
7185627054,15
7185504094,15
7185477702,15
7185391898,15
7185292243,15
7185263261,15
7185241708,15
7184215747,15
7184188509,15
7184154983,15
7184112591,23
7184019393,15
7183983717,15
7183270036,15
7183249937,15
7183203463,22
7183161780,22
7183047164,15
7182989038,15
7182393160,15
7182329747,15
7182324784,15
7182277753,15
7182252895,15
7182239018,15
7182236432,15
7182219193,15
7181819469,15
7181800672,15
7181735263,22
7181696854,22
7181635409,22
7181559959,15
7180414914,15
7180378113,22
7180341262,22
7180078165,22
7179955469,22
7179773980,15
7179481153,15
7178972628,15
7178952818,15
7178886277,22
7178834479,22
7178092463,15
7178073213,15
7177340462,22
7177268205,22
7177215889,22
7177171882,15
7176855616,15
7176795446,15
7176001570,22
7175995061,23
7175947054,15
7173030487,22
7172980600,22
7172505307,22
7172448744,22
7172375834,22
7172222780,22
7166430209,22
7166306516,22
7165304663,22
7165147040,15
7164434155,22
7163701172,15
7163654958,22
7163585597,22
7163524712,22
7163455975,22
7163417498,15
7163359658,22
7163296190,22
7163221044,22
7163033144,15
7154631437,22
7152096067,15
7151628116,15
7148747670,22
7148715820,22
7148154698,15
7147993539,15
7147309037,22
7147272017,22
7147187623,22
7147110782,22
7147022061,22
7146840704,22
7146745900,22
7146422977,22
7146375738,22
7146372237,22
7146213926,22
7146166435,22
7145770597,22
7145723871,22
7145654252,22
7145564148,22
7145409651,22
7145321556,22
7144821883,23
7144763846,22
7144659112,22
7144210000,22
7144154907,22
7144108262,22
7143935987,22
7143824797,22
7143758529,22
7143640183,22
7142938497,22
7142423776,22
7142421528,22
7142375635,22
7142331572,22
7142288247,22
7142149431,15
7142036263,15
7140707898,22
7140666586,22
7140595971,22
7140556254,15
7139908788,15
7139872981,15
7139821832,15
7139773013,22
7139750531,15
7139711230,15
7139681227,15
7139615005,15
7139216043,22
7139184003,15
7139114583,22
7139064868,22
7137296562,15
7137145845,15
7136980830,15
7136938476,15
7136891346,15
7136250858,15
7136139554,15
7135895474,15
7135846821,15
7135673453,15
7135670124,15
7135665056,15
7135626877,15
7135579456,15
7135557688,15
7134569482,22
7134436170,15
7134285642,15
7134236807,15
7134188976,15
7134176085,15
7133900975,15
7133788303,15
7133352106,22
7133323993,22
7132435749,22
7132352052,22
7132264335,15
7131337615,22
7131271562,22
7131052052,23
7130971380,22
7130885412,22
7130342434,15
7129941130,15
7129896252,22
7129859595,22
7129828531,15
7129449392,22
7125417030,22
7121847048,15
7121789873,22
7121689225,22
7121476815,22
7121369367,22
7120834534,22
7119784331,22
7119507991,22
7118765138,22
7117586703,22
7117486778,22
7117295802,22
7117199604,22
6876218449,15
6875893252,15
6875867846,15
6873388255,15
6873208387,22
6868113146,2
6861457083,15
6860392799,15
6860350759,15
6852675509,15
6852641545,15
6850917166,2
6850832832,15
6848876777,22
6848774775,22
6848701040,22
6848596832,15
6848342817,15
6848249405,15
6848167293,15
6847995512,15
6845994350,15
6842739971,15
6842522198,19
6842024608,15
6840862398,15
6840809286,15
6840609167,15
6839459834,15
6839364169,15
6838942229,15
6838904774,15
6838529023,15
6838483239,15
6838442361,15
6838227974,15
6838226593,15
6838195092,15
6838026699,15
6838003287,15
6837376451,15
6835213768,22
6834828127,22
6832429343,22
6831576224,22
6830413202,2
6830065502,22
6830001651,15
6827946969,22
6825670566,22
6825428524,22
6825361005,22
6823914284,22
6822427943,22
6820950466,15
6820512974,22
6819399503,22
6819216449,22
6819151039,22
6817683511,15
6817632302,15
6817580641,15
6817448222,22
6817367307,22
6817214206,22
6815803428,22
6815605329,22
6810067477,15
6809951599,22
6809879888,22
6808718916,23
6808597459,22
6808132419,22
6807847671,22
6807185885,22
6807082768,22
6806937191,22
6806723183,22
6806622610,22
6806379804,22
6805640621,22
6805012363,22
6804573986,22
6803550477,22
6803255468,22
6802327623,23
6802105911,22
6800817264,22
6800724993,22
6800522000,22
6799440989,22
6796992616,22
6796946342,22
6796295545,22
6795480610,22
6795414805,2
6795368217,2
6795352521,1
6793800180,1
6793784433,2
6793727907,2
6793698068,15
6790715358,2
6790578647,22
6789804360,15
6789159590,22
6789076087,22
6788524131,15
6787600955,2
6787502671,2
6787082451,22
6785944838,2
6785874242,2
6785742894,22
6785618247,22
6785523914,22
6785434143,22
6785122600,22
6784689869,22
6783816499,22
6779570093,22
6779517876,22
6776514176,2
6776393971,2
6776291692,2
6776118258,22
6775882710,22
6775713790,22
6775481867,22
6775310186,22
6774769290,2
6774766721,1
6774678782,1
6774578671,22
6774523688,15
6774365250,22
6774286462,22
6773933847,22
6773817725,22
6773794382,15
6773789690,15
6773610316,15
6773526414,15
6773465024,15
6773398153,15
6772285009,15
6772176756,15
6772130240,15
6771931283,15
6771877262,15
6771836956,15
6771192621,15
6770288599,15
6769308132,15
6769266137,15
6769213070,15
6768851837,15
6768829077,15
6768809395,15
6768186413,15
6768149830,15
6767370433,15
6767331442,15
6767312662,15
6766298133,15
6766259844,15
6766221904,15
6765942923,15
6765907637,15
6765890176,15
6765873362,15
6765851601,15
6765827086,15
6765801794,15
6759639885,15
6758801301,15
6758274509,15
6758256969,15
6757710840,15
6757378283,15
6756599326,22
6756329872,15
6756283830,15
6756232914,15
6756106694,15
6756055095,15
6756027559,15
6755986979,15
6755896678,23
6729285325,22
6729182980,22
6728510892,22
6727344040,23
6594392619,22
6594334376,22
6564276911,22
6564193656,22
6561690941,22
6561666719,22
6561625295,22
6561574265,22
6550391848,22
6550323193,22
6550201345,22
6550131548,22
6550018229,22
6549912236,22
6549792351,22
6536864878,22
6536834049,22
6536785784,22
6527493844,22
6526973257,22
6517108588,22
6517041804,22
6486119986,22
6451817895,1
6451710192,1
6451702875,1
6425327349,1
6415149145,1
6415096937,1
6415025287,1
6414928555,1
6411515554,1
6406609147,1
6404839140,20
6404779369,3
6404736444,3
6402971414,18
6402923892,1
6402855231,4
6399359178,4
6399305496,1
6399259377,1
6395884035,15
6395808888,1
6392188138,1
6392097098,1
6392043484,1
6391970994,1
6391862796,22
6390139160,22
6390080429,1
6390035706,1
6389981867,22
6388237039,1
6388154248,1
6386433424,1
6386366016,1
6381435705,22
6381383491,22
6381321530,20
6381240676,22
6381175900,22
6379391610,22
6379325688,22
6379239936,22
6379189336,15
6368477008,22
6368008422,23
6367003883,22
6366841754,22
6366734994,22
6366637713,22
6366443016,22
6359835629,22
6359787205,22
6359730342,22
6359685567,22
6359586996,22
6359518406,22
6359454465,22
6359264359,22
6359232068,19
6359183634,15
6359038125,22
6358976879,23
6358796281,4
6358705463,22
6358061299,22
6357936738,22
6357927664,22
6357859979,22
6357731298,19
6357671530,19
6357563808,22
6357238801,19
6357186063,19
6357091123,19
6356985221,22
6356916407,22
6355076740,22
6354240786,11
6354197471,20
6354158184,20
6354107639,22
6354024707,22
6353950149,19
6353946357,19
6353872740,19
6353439596,22
6353357114,22
6351855495,22
6349823121,22
6349768360,15
6348846359,20
6348704226,20
6348586731,19
6346882363,19
6346795319,19
6346732411,23
6345939901,19
6345053282,19
6344964349,19
6344884209,19
6344764775,19
6343476024,19
6343343173,19
6342282661,19
6342207973,19
6340600345,19
6337034544,19
6336646054,19
6336531524,19
6336377971,19
6336323142,19
6336304185,19
6334812311,19
6334633981,19
6334575286,19
6334523647,19
6333123586,19
6333066295,19
6332420541,19
6331957040,19
6331818901,19
6331676488,19
6331059486,19
6331029081,19
6328358110,19
6328287112,19
6326918842,19
6326889905,19
6326821294,19
6326749290,19
6326645184,19
6326593081,19
6326563031,19
6325134603,19
6315414285,15
6315383740,15
6315319553,15
6313828336,15
6312883615,22
6312838459,22
6312798949,22
6312757133,22
6312726777,23
6312290401,15
6312260068,15
6312184952,15
6310280554,15
6310259909,15
6310236773,15
6310189204,22
6310145619,22
6310093886,15
6310002150,15
6309962429,15
6309920949,15
6309771823,15
6309733435,15
6307232443,22
6307176449,22
6305747475,15
6305667942,22
6305571564,22
6305542776,22
6305502270,15
6305466847,15
6305321431,15
6305278644,15
6305227599,15
6305191800,15
6304919447,15
6304847674,15
6304696004,15
6302365794,15
6302326051,15
6302295298,15
6302252427,15
6302211323,15
6302121842,15
6302086600,15
6301951342,15
6300541175,15
6300506442,15
6300471248,15
6300448386,15
6299785769,15
6299276130,15
6299241911,15
6299141590,15
6298959492,15
6298438461,15
6298412968,15
6297972880,15
6297940494,15
6296811707,22
6295242981,22
6295170609,22
6295110444,22
6295049186,22
6294762524,22
6294717431,23
6294641354,22
6294491289,22
6294401904,22
6294317660,15
6294286211,15
6294264200,15
6294233641,15
6293700859,15
6293677703,15
6293626224,15
6293584220,22
6293544281,22
6293508976,22
6293287810,22
6293208995,22
6293048886,22
6292135273,15
6292095305,15
6291404847,22
6291340538,22
6289219620,15
6289159130,22
6289108546,22
6289057996,22
6288990991,22
6288731239,22
6288662708,22
6288607484,15
6288562764,15
6288482131,22
6288301473,22
6287057812,22
6286980271,15
6286241730,22
6286235880,22
6286183302,22
6284038389,22
6283958114,22
6282742182,22
6282294728,15
6277432691,15
6277392065,15
6277340973,15
6277318607,15
6276096611,15
6275102363,15
6275065542,15
6275035089,15
6274912577,22
6274768450,22
6274453597,22
6274403526,23
6274360742,23
6274273381,22
6274211108,22
6274136319,22
6272454517,22
6271710102,15
6271663813,22
6269179599,22
6269139125,15
6269115053,15
6269082869,15
6266841313,22
6266635994,23
6264840344,22
6264559712,22
6263787419,22
6263724090,22
6263681822,22
6263657133,15
6263586885,15
6263335100,22
6263327679,22
6263236144,22
6263065545,22
6262807308,22
6261215625,22
6261130820,22
6260144626,23
6260099454,22
6260007204,22
6259943513,22
6259895472,22
6259816753,22
6259757791,22
6251230502,22
6251132449,22
6250964652,22
6250892335,22
6250793289,22
6250713402,22
6249677312,22
6243839886,22
6243524641,22
6242431566,22
6241142746,22
6241076241,22
6239543542,22
6239383899,22
6239296487,22
6239050272,22
6238872214,22
6238776906,22
6237783798,22
6237633009,22
6230687414,15
6227613838,22
6227506946,15
6227456852,15
6227375397,15
6227186021,15
6227108512,15
6227073285,15
6226869278,15
6226836059,15
6226808183,15
6226766913,15
6220174749,22
6220141425,15
6218920134,15
6217429103,15
6217363654,15
6217308496,22
6217245809,22
6217240725,22
6217192219,15
6217147032,15
6216833315,15
6207662521,15
6094121555,22
6094030891,22
6073780346,15
6073268000,15
6071824674,15
6067208574,15
6065681455,15
6065652882,15
6064964139,15
6064922291,15
6064767538,15
6063359135,15
6062994888,15
6062946707,15
6062544229,15
6062506918,15
6062235591,15
6061520157,15
6059988925,15
6059935286,15
6059818686,15
6059785146,15
6059738225,15
6054926142,15
6054258750,15
6054236150,15
6053863140,15
6053628875,15
6053588628,15
6052808683,15
6052782616,15
6052756948,15
6052703330,15
6052674101,15
6052640940,15
6052597252,15
6052118483,15
6052094533,15
6052030905,15
6051079739,15
6050969957,15
6050814121,15
6050771480,15
6050637253,15
6050590644,15
6050517544,15
6050485807,15
6050415270,15
6049715899,15
6049687180,15
6049660215,15
6049632567,15
6049280558,15
6049234354,15
6049154033,15
6049066310,15
6048948628,15
6048893021,15
6013556674,15
6012129451,15
6011282848,15
6011255949,15
6011152159,15
6011044125,15
6010999436,15
6007639707,22
6007583651,22
6007530835,22
6007312749,22
6006500131,22
6006481285,22
5997568957,22
5997315780,22
5997219678,22
5995406025,22
5980322742,22
5979714573,22
5979156275,22
5979093710,22
5978862055,22
5978808697,22
5978603739,22
5978370308,22
5978186936,22
5975861356,22
5975737765,22
5972478124,22
5972363398,22
5962838089,22
5962529922,22
5962239116,22
5962073479,22
5961459566,22
5961410880,22
5960815887,22
5960691966,22
5960555929,22
5960329865,22
5960295033,22
5960155617,22
5959762052,22
5959714959,22
5959279749,22
5959189726,22
5958929936,22
5958918619,22
5958679290,22
5958074950,22
5957960843,22
5957577013,22
5957311439,22
5957240003,22
5957152223,22
5957103773,1
5957066559,1
5957037185,1
5956391624,22
5954822290,22
5954430618,1
5953153017,22
5953071878,22
5952625949,22
5952260059,22
5952198021,22
5952019069,22
5950966029,22
5950910710,22
5950839988,22
5950433643,22
5950206420,22
5945815305,22
5940458659,22
5940363336,22
5940259727,22
5939964652,22
5927716100,22
5927582328,22
5927164271,22
5892919810,22
5849283606,22
5846395776,22
5820880818,22
5820804564,22
5817309009,22
5814039986,4
5813996866,22
5812017416,22
5811914132,22
5811732120,22
5806559386,22
5803634541,22
5802283834,22
5702810297,22
5702770750,22
5702709367,22
5701250157,22
5701175102,2
5701106953,23
5688539618,22
5688496507,22
5687073276,22
5687021904,22
5652992340,22
5652930292,22
5652861802,22
5652778152,22
5652486442,22
5651590366,1
5651471019,1
5651351702,23
5643224223,22
5643170573,22
5643116793,22
5629712897,22
5598433546,22
5598390774,22
5597867398,22
5591088565,22
5591036228,22
5590834634,22
5582750297,22
5576249571,22
5576188846,22
5573685233,22
5569086720,22
5549454849,22
5549375255,22
5548745556,19
5547790221,19
5547637827,22
5547590056,22
5547531055,19
5547045302,22
5547015283,22
5546899993,19
5546830711,19
5545851729,22
5545793346,22
5545711874,22
5545642895,22
5545572572,19
5544322301,22
5544282258,22
5543963364,19
5543529865,22
5543415983,22
5543355847,22
5542744577,22
5542734473,19
5542678741,22
5542404776,22
5542327353,19
5542232686,22
5541099632,22
5541073273,19
5541031789,22
5541002040,19
5540946968,22
5539453601,19
5539438599,19
5539420000,19
5539398870,19
5537736546,19
5537719100,19
5537708784,19
5537645264,19
5537618417,19
5537441932,22
5530586328,19
5530564013,19
5530534276,19
5530471107,22
5530405719,22
5528726480,19
5528713321,19
5528632738,19
5522664267,19
5522561906,19
5522522489,19
5522487216,19
5522473011,19
5522236340,19
5522084603,19
5508863820,22
5508807222,2
5508761259,23
5489395213,22
5489320700,2
5479738521,22
5479669461,2
5462762227,23
5441576201,22
5440383944,22
5439547787,22
5433146259,22
5420974800,22
5420964528,22
5420305756,22
5418062880,22
5417994177,22
5403426517,22
5403371848,22
5402563606,22
5402503172,15
5401985524,23
5401860207,23
5400410442,22
5400280912,22
5398762277,22
5398619296,22
5398501679,22
5398365409,22
5398259420,22
5398145565,22
5398075491,22
5398017569,22
5391695098,23
5390835657,4
5390776211,4
5388678095,4
5388542840,4
5386677886,22
5386608782,22
5386534342,3
5384799788,22
5384603713,22
5384314149,22
5384301251,22
5384216013,22
5384079610,22
5382939052,22
5382877223,22
5382741787,22
5380941814,2
5380855525,2
5378857438,2
5378746621,2
5378643364,2
5377685886,22
5376835181,2
5376760369,2
5371821207,22
5371627850,22
5370947793,2
5370871974,2
5370796913,4
5370771213,4
5370696421,4
5368925137,22
5368850468,22
5368481433,22
5364465543,22
5364389337,22
5349746841,15
5348874340,4
5348704555,4
5342969849,4
5342920626,4
5342823774,4
5340318341,22
5340202405,23
5336549254,2
5336423517,2
5336273215,2
5336263110,2
5336206240,23
5334150656,2
5334047600,2
5333978535,23
5321722601,22
5316871213,4
5316795854,22
5316789055,22
5315998884,22
5315940916,4
5315839367,22
5315765776,22
5310173450,22
5310100576,22
5310061411,22
5309960147,22
5309284267,22
5309118379,22
5309071337,22
5300181723,22
5300112344,22
5294650556,22
5293786857,22
5293681895,22
5292527147,2
5285704086,22
5285661649,22
5280291420,22
5280229169,22
5280163082,2
5280029017,22
5276699335,22
5276652449,22
5276591757,22
5274942645,22
5273451844,22
5273398237,22
5273336393,15
5273327562,21
5273270100,22
5271849101,22
5271785230,22
5271698591,22
5271613042,22
5269829337,22
5269337149,22
5268051405,2
5267980866,2
5261426245,22
5261321736,22
5259616660,22
5259499536,22
5258884281,22
5258745325,22
5258702910,22
5256169039,22
5256010776,22
5255952637,2
5255910718,1
5255677167,22
5254325529,22
5254277829,2
5252582269,22
5252541963,22
5252427407,22
5252390072,22
5251045763,22
5251014139,22
5250964689,22
5250952037,21
5250895331,22
5250794872,22
5249516694,22
5249450153,22
5249438116,21
5249395052,22
5249374545,21
5249373582,21
5249284650,22
5248122093,23
5248072555,22
5248066602,22
5248036256,22
5247983274,22
5247883960,22
5247820010,22
5247762039,22
5247634074,22
5247489150,21
5247477356,21
5247395831,22
5247328910,22
5247298221,15
5247182980,22
5247120131,22
5247056156,22
5246472493,23
5246426713,23
5246301070,22
5246224116,22
5245460128,23
5244794257,22
5244706031,22
5244689557,21
5244663392,21
5242216597,22
5241589233,22
5241565071,22
5241542962,22
5241515020,22
5241488878,22
5241435536,22
5241373723,22
5241313237,22
5241194416,22
5240921078,22
5240797586,22
5240675058,22
5237821590,22
5234943399,22
5234843347,22
5234663146,3
5233888831,22
5233340651,22
5232903500,15
5232869089,15
5232552339,22
5232270075,22
5232263975,22
5195859052,22
5195797162,22
5194703300,22
5194624511,22
5192693093,22
5191814926,22
5191773135,22
5190518911,22
5190494078,4
5189218012,22
5189061400,22
5189005603,22
5187967828,4
5187931618,4
5187921737,4
5187849776,4
5187562428,22
5186347429,22
5186278126,22
5185880891,22
5185013106,22
5183685321,4
5183642569,4
5129406145,22
5129310962,1
5125898626,23
5125872050,23
5125043858,23
5124876096,23
5124833359,23
5124788941,23
5124571981,22
5123635791,22
5116949496,22
5116875307,22
5116810311,22
5109229444,22
5109192338,22
5099387053,22
5099109312,22
5098125497,22
5097582478,22
5097456062,22
5097405536,22
5091981946,22
5091652074,22
5091087280,22
5091040137,22
5089756003,22
5089694859,22
4982407362,22
4982325816,22
4982319650,22
4982197582,22
4974564110,22
4919986523,22
4919838541,22
4919754350,22
4917319889,22
4917269038,22
4917196667,22
4917147480,23
4916770633,22
4916137731,22
4916040470,22
4915899816,22
4915633187,22
4872327527,22
4872148872,22
4868678188,22
4823038123,22
4821916118,22
4745413089,22
4429477565,22
4429353258,22
4400225593,22
4400135905,22
4399990989,22
4397286139,22
4397226724,22
4397141064,22
4394070242,22
4387450643,22
4387228628,22
4387013529,22
4385252343,22
4385171918,22
4385115064,22
4385000788,22
4384889235,22
4383313099,22
4383163406,22
4381896752,22
4373540650,22
4373468899,22
4373414049,22
4370592134,23
4367924022,22
4367854540,22
4367737109,22
4367600149,22
4367478076,22
4367243125,23
4365616965,22
4363081299,22
4362800959,22
4362784615,22
4362534484,22
4362445999,22
4362358820,22
4095133814,22
4095051377,22
4085741590,23
4085624186,23
4077506007,22
4077488692,22
4077375377,3
4077176263,15
4077095817,15
4076976189,23
4076868852,23
4076837416,23
4076784457,23
4075944365,23
4075592970,23
4075537337,23
4075467412,23
4075204048,23
4075144078,23
4073873332,22
4073786660,22
4073479375,22
4073388913,22
4071496946,22
4061127892,22
4058828304,23
4058759232,22
4057028061,22
4056973222,22
4056899195,22
4055902947,22
4055821508,22
4055137123,2
4055064592,2
4054685494,22
4054565267,22
4054434759,22
4054340829,22
4054126815,22
4054119576,22
4052634352,22
4052224273,22
4049972320,22
4049889933,22
3948454616,22
3948296330,4
3947925737,22
3947848825,22
3947768882,22
3947694281,22
3947502482,22
3946021814,22
3945820587,22
3945749787,22
3945574828,22
3945506253,22
3944312497,22
3930857581,22
3929264930,22
3921736308,22
3916773763,22
3903972751,22
3903815766,22
3903690838,22
3797257313,22
3792951512,22
3670112735,4
3656569648,22
3656483574,22
3656415699,22
3650033304,3
3649353016,22
3649301447,22
3649291878,22
3649227286,22
3649148773,22
3649061775,22
3647192129,22
3647134013,18
3647089634,23
3645335139,22
3641384732,22
3641315692,18
3639119468,22
3638970947,22
3638628066,22
3638533967,22
3633191198,22
3633139122,22
3633081505,22
3630727995,3
3629153024,22
3629083201,22
3627158334,22
3627109143,22
3627030882,22
3626965297,22
3626670704,22
3626576206,22
3625139842,22
3624985865,22
3624349254,22
3618276217,22
3618231580,22
3616502080,22
3616439646,22
3616345040,22
3562055993,4
3561994121,4
3561888491,4
3545028090,22
3544847201,22
3544698027,22
3525394497,3
3506188903,4
3506147319,4
3503299557,22
3362894818,22
3359593745,22
3323772732,4
3315130054,22
3315115414,22
3315036102,22
3314939343,22
3271460134,4
3271386284,4
3261841150,22
3261550973,22
3256145611,2
3256043696,2
3255907486,2
3255817082,21
3250090482,22
3247976070,22
3246098751,22
3246095877,22
3245992805,22
3244840754,2
3244709860,2
3244562195,2
3244472232,2
3242256907,22
3242182099,22
3240984182,22
3240852343,22
3239510768,22
3239370954,22
3239311576,21
3238888658,4
3238794665,4
3238280851,4
3238239366,4
3238109369,4
3237962784,4
3237856648,4
3234715992,22
3234619402,22
3234373967,22
3234212785,22
3233012918,22
3232315250,22
3232171723,22
3232043163,22
3231229277,22
3231183748,22
3231174669,22
3231130411,22
3230964443,22
3218541337,4
3214483479,22
3201824435,22
3200139796,3
3200049885,22
3198243472,22
3198182733,22
3196189856,22
3196043556,22
3195942139,22
3195460151,22
3195204286,22
3195077253,22
3193460004,22
3192907899,22
3192693757,22
3134196786,22
3134096140,2
3134003840,2
3133880949,22
3131706691,22
3131590828,22
3128076068,22
3127970143,22
3127962824,22
3098413337,22
3098372752,22
3098311592,22
3092162946,2
3092065973,2
3091968500,2
3080124571,22
3079747131,22
3073127133,22
3065798719,22
3065723276,22
3065540267,22
3065391296,22
3063505715,22
3063404446,2
3063314597,2
3063219119,2
3051934726,1
3051867136,1
3051596895,1
3051508748,1
3051405372,1
3049476926,22
3049322345,1
3049216614,1
3049098910,22
3037519750,22
3037463234,22
3037038963,22
3036942770,22
3036659834,22
3036453155,4
3035392060,22
3035328055,22
3029111512,1
3023221123,4
3022836859,1
3022709575,1
3022693033,1
3022555096,3
3022314636,22
3022225065,1
3020646948,22
3020608513,22
3008835313,22
3008769503,22
3008453069,22
3008326446,1
3008228677,1
3007756183,1
2994599241,1
2994560384,22
2994456890,22
2994379291,22
2993961926,1
2993807765,1
2980966075,19
2980922357,19
2980871969,19
2977339803,19
2972528860,19
2970862010,19
2970829939,19
2967870919,19
2967760205,22
2964102915,19
2957085334,19
2957022722,19
2956842241,19
2953060170,1
2952857522,19
2952701339,19
2952450618,19
2952342914,19
2952198524,19
2952158793,19
2952031067,19
2949512712,22
2949341867,22
2949180497,19
2947505470,22
2947355706,19
2946203016,19
2945117091,19
2945091544,19
2944990695,1
2932422259,22
2931583504,22
2929683019,22
2920066830,1
2919955251,1
2911615327,4
2911539624,1
2903409484,1
2903304215,1
2903191606,1
2903057532,1
2902873487,5
2902757727,3
2902635194,3
2902530513,1
2901296100,1
2901201007,1
2901133339,1
2901043164,1
2900951312,1
2898080628,1
2897951685,1
2897785299,22
2897685573,22
2897642349,15
2896541669,4
2896508095,15
2896483190,15
2896417084,1
2896311367,1
2896174607,4
2876348365,1
2876284812,1
2862978849,1
2862922503,1
2862867458,1
2862782355,1
2857543116,1
2857447975,1
2857385595,1
2856615843,1
2856556331,1
2856488077,1
2854799824,1
2852358499,1
2852176099,22
2844071019,1
2843986816,1
2843806953,1
2836624619,1
2821577967,1
2821516568,1
2818087704,1
2813887975,22
2809659909,22
2809565501,22
2776674869,22
2758185901,22
2755734320,22
2755575501,3
2749690727,22
2747400837,22
2745047590,22
2744901535,22
2736688183,1
2735999090,3
2735912714,3
2732774972,1
2732335537,4
2728439187,5
2728243475,4
2725972438,1
2725908832,3
2723394796,22
2723336723,22
2723247955,1
2723174948,3
2719501138,1
2717685245,4
2717603754,1
2717311476,22
2717266972,4
2713215304,4
2675461187,3
2624972146,3
2624929996,3
2622860268,22
2622790355,22
2622569611,3
2621551828,22
2621439385,3
2621348512,3
2621147568,22
2621060305,22
2620019682,22
2617999577,1
2617951039,1
2603901689,1
2576490634,1
2576392671,1
2574242462,1
2574175487,1
2574069855,1
2573996925,22
2571115466,3
2568378521,22
2568240831,22
2568085573,22
2567930397,22
2565825053,15
2563764413,22
2563638810,22
2563522016,1
2559164924,1
2558882239,22
2506723346,1
2506678616,1
2502403673,1
2501529430,1
2501371016,4
2500316831,1
2500281956,1
2498180086,1
2498086952,22
2497455930,22
2497319989,22
2496134064,22
2496076161,22
2496020989,22
2495974724,22
2495673014,1
2495596307,1
2495413519,4
2495275205,4
2491235315,1
2491169081,1
2483829337,22
2482521793,22
2482487451,1
2482441537,1
2482374511,1
2482316353,1
2481396251,22
2479304543,22
2477848978,1
2477559652,22
2472838958,22
2472506087,1
2303800447,22
2290547462,1
2290434486,1
2262451759,1
2227046253,1
2226935979,1
2226838542,1
2226601225,1
2222934472,1
2214630326,4
2214526121,4
2214197202,1
2214162569,1
2212640879,1
2212571616,1
2188431957,4
2178205877,5
2178096004,1
2178046035,15
2177955380,15
2177795374,1
2177654001,22
2177538744,22
2176187102,1
2168647972,4
2141862995,4
2136135613,15
2136114507,15
2136097611,15
2136073673,15
2136048161,15
2136020877,15
2135994103,15
2135967248,15
2135538678,1
2135340768,1
2134849311,1
2125296879,1
2125206700,1
2125044356,1
2119324004,1
2119205993,1
2119129112,15
2119031330,22
2118966937,1
2118836621,4
2111204504,1
2111100062,1
2110975413,1
2107079010,15
2107031604,15
2107008189,15
2106933838,22
2106539456,22
2106418752,1
2083629622,22
2083538224,1
2074020749,22
2073906237,22
2073791488,22
2073679072,22
2073460218,22
2073325649,22
2072119113,22
2072063677,1
2071996225,1
2071874372,22
2071766123,22
2071634506,22
2071276175,22
2071145125,22
2071023764,22
2069887566,22
2069820781,22
2063666916,22
2063507998,22
2063202669,22
2062107069,22
2008521106,22
1976450135,22
1972861435,22
1971120558,22
1971041044,22
1970934083,22
1956450746,1
1955339415,5
1955266735,1
1845200276,1
1835254933,1
1832649071,1
1827465160,1
1827334246,1
1822091633,1
1821968225,1
1821250825,1
1821124265,1
1820961891,1
1794148656,1
1782982690,22
1779537870,1
1779466652,1
1779360401,1
1754458620,1
1754313761,1
1753564881,1
1751658729,1
1751603811,1
1734590481,1
1729994601,1
1715859084,5
1715707972,5
1715618895,15
1708529134,1
1697474951,1
1697402370,1
1697318859,1
1694193198,1
1674748564,1
1674632841,1
1605925929,1
1605774434,1
1605555432,21
1604304463,1
1591299375,1
1584341929,1
1584275707,1
1582935839,1
1580209147,1
1577783288,5
1571048580,1
1570932159,1
1566247998,1
1561485908,1
1560101005,1
1560015159,1
1560009787,1
1559897100,1
1559794945,1
1550519540,1
1550451318,1
1550332714,1
1550244711,1
1545298696,1
1545025258,1
1544859741,1
1544741166,1
1544628391,1
1542928996,1
1542842874,1
1542804243,1
1542704354,1
1540134461,1
1539635414,1
1537886263,4
1535385562,1
1535250618,1
1531533078,1
1531428573,1
1531306475,1
1527329121,22
1521101841,1
1520992664,1
1520020153,22
1519360360,1
1508810323,5
1504029450,5
1503982685,5
1503820832,5
1503798776,5
1503233471,22
1501457579,2
1498426585,1
1496559673,1
1496503948,1
1496414305,5
1496381569,4
1496281457,5
1496179728,1
1496044861,4
1495648713,22
1495227944,1
1488820882,1
1488735706,1
1488666237,1
1486337581,4
1484187425,1
1484139930,1
1484074415,1
1482065332,1
1481915632,1
1481857359,1
1481791088,1
1481529024,1
1481444539,1
1481334520,1
1481185753,1
1480926735,1
1480493496,4
1480366342,1
1480224428,5
1478829555,4
1476087339,3
1471002052,1
1470852526,1
1466074174,1
1465815772,1
1465729781,4
1465460452,22
1464233433,1
1464184758,5
1463971959,1
1463604764,22
1463482619,5
1463235330,5
1455296523,1
1455181609,1
1455067862,1
1450547861,1
1450483367,1
1450387079,4
1450345928,4
1448060264,1
1441241736,1
1441046098,1
1439270154,2
1439260312,2
1439149166,1
1439056050,1
1437560932,1
1437410548,1
1428576828,2
1428500520,2
1428398391,2
1428312856,4
1425384846,4
1423280961,5
1423157919,4
1423056603,5
1422928497,4
1419396099,1
1419361210,21
1419267483,2
1419081762,5
1417044837,2
1416955438,2
1415176252,4
1410541025,2
1410472904,22
1410452169,1
1402921143,21
1402899387,21
1402860349,21
1402831209,21
1402770976,21
1402744775,21
1402130855,22
1400676840,1
1396399325,4
1396322276,3
1396198456,4
1396091275,22
1393890550,1
1393413610,5
1391662609,3
1391521148,5
1391409915,5
1388694285,1
1388586973,1
1388187384,5
1386504176,4
1386436504,5
1385810152,22
1384255750,4
1384166654,1
1384077745,22
1383347203,4
1381885174,1
1379580801,1
1377270680,4
1377182597,1
1377013909,1
1376965100,1
1376357465,1
1376348409,1
1376217522,5
1374529926,1
1374383937,5
1374239506,1
1374150775,1
1373826663,5
1369381624,22
1369327366,11
1369295559,11
1369261476,11
1369098962,22
1368765299,1
1368317886,1
1368012780,1
1363477551,1
1363365923,1
1361828718,1
1361732091,1
1361675811,1
1359134411,5
1358928532,4
1358770794,4
1358590000,4
1358441690,5
1356729951,22
1356420304,1
1356286146,1
1356066425,1
1355850488,22
1355658400,1
1355514430,1
1351240537,4
1348624674,4
1348493462,4
1341317343,1
1341245333,1
1340593592,1
1340465897,1
1338264822,1
1337338905,1
1337128855,5
1336941194,1
1335358590,1
1335269321,1
1335148670,1
1334471729,1
1334249217,1
1334123185,1
1333851649,1
1332727881,1
1332566514,1
1332481971,1
1332286359,1
1332216328,5
1331898380,1
1331740354,5
1330127897,22
1327951689,1
1327849908,1
1325527334,4
1325452249,5
1325189256,4
1323602801,21
1323592755,21
1323580034,21
1323565469,21
1323539935,21
1323516801,21
1323501704,21
1323488787,21
1323398672,1
1317515605,1
1317343926,1
1317179046,1
1314967308,1
1314864538,1
1314832844,21
1313964931,1
1312755316,1
1312622853,1
1308147255,1
1307896292,1
1307782931,1
1307343997,1
1305712033,1
1305610791,1
1305516434,1
1305443335,1
1304962463,1
1304750701,1
1304624111,1
1304368959,1
1302781785,1
1302676153,1
1302283821,1
1301636251,4
1301498803,1
1301366306,1
1301324082,1
1301197322,5
1301160427,21
1301131260,21
1298987265,1
1298720928,1
1294742664,1
1294654442,13
1294566886,1
1294438791,1
1135480113,22
1134788021,22
1133051121,1
1132835842,22
1132755394,1
1132519794,4
1132431140,18
1132272995,4
1009891905,1
